Date,Owner,Area,Metric,Target,Actual,Status,Notes
2026-04-03,SVL Lab,Technical SEO,Critical Issues,0,,,
2026-04-03,SVL Lab,Technical SEO,High Issues,<=3,,,
2026-04-03,SVL Lab,Index Health,Indexed Priority Pages,100%,,,
2026-04-03,SVL Lab,Content,Pages Updated This Week,>=2,,,
2026-04-03,SVL Lab,Content,Pages Published This Week,>=1,,,
2026-04-03,SVL Lab,Authority,Links Acquired This Week,>=2,,,
2026-04-03,SVL Lab,Rankings,Priority Terms Improved WoW,>=30%,,,
2026-04-03,SVL Lab,Traffic,Organic Sessions WoW,Positive,,,
2026-04-03,SVL Lab,Conversion,Organic Conversion Rate WoW,Positive,,,
2026-04-03,SVL Lab,KPA Compliance,Mission Language Present,100%,,,
2026-04-03,SVL Lab,Voice Compliance,Natural Voice Standard Pass,100%,,,
2026-04-03,SVL Lab,Release Quality,Pre-Launch Gate Pass,100%,,,
